Class,Blue,Green,Red,RedEdge,NIR,Thermal
0.0,0.03171865626874625,0.07670826921980965,0.024127457160868816,0.00565007219536694,0.0,0.958818205327127
0.0,0.058563287342531495,0.10229668889268821,0.0410338701358244,0.01770355954548308,0.0012760736196319017,0.957622187742436
0.0,0.05053989202159568,0.08992990254744401,0.04069001088887615,0.013120723209241007,0.0,0.9582040341349883
0.0,0.04499100179964007,0.08240724910241067,0.02819645824975643,0.008349551133153369,0.0,0.9573635893457461
0.0,0.0599130173965207,0.10309454607625235,0.05352742277494412,0.025488103459099756,0.0031901840490797546,0.9579777605378846
0.0,0.0660617876424715,0.106741893201117,0.05369935239841825,0.022537510201519242,0.0,0.9578484613395397
0.0,0.04701559688062387,0.08519974924488516,0.027967218751790934,0.008914558352690062,0.0,0.9573959141453323
0.0,0.050689862027594484,0.09049980053570411,0.03111926184881655,0.010421244271454579,0.0,0.9577191621411947
0.0,0.051139772045590885,0.09346327007465664,0.03513095306321279,0.013371837529035093,0.0018650306748466258,0.9574605637445048
0.0,0.07790941811637672,0.118025873368667,0.06768296177431371,0.03854604808839224,0.011337423312883435,0.9576545125420223
0.0,0.14974505098980204,0.23411409357724966,0.13209926070261907,0.14194236926360726,0.07023312883435583,0.9587212309283683
0.0,0.047915416916616674,0.10298056647860034,0.044128603358358644,0.009919015631866408,0.0,0.9588828549262994
0.0,0.054289142171565684,0.10104291331851599,0.04051808126540203,0.015443530667336305,0.0,0.9578161365399535
0.0,0.059613077384523094,0.10372143386333846,0.05026075992893576,0.021470274342394374,0.00196319018404908,0.9577838117403672
0.0,0.04694061187762447,0.08012765714937026,0.02687833113645481,0.011551258710527968,0.000736196319018405,0.9571373157486424
0.0,0.058488302339532096,0.09807944377956346,0.04252392687260015,0.02128193860254881,0.0006871165644171779,0.9575575381432635
0.0,0.23620275944811037,0.2858038411124409,0.2207003266662846,0.14665076275974637,0.10360736196319019,0.9578161365399535
0.0,0.0663617276544691,0.10127087251382003,0.053584732649435494,0.02523698913930567,0.001226993865030675,0.9583656581329196
0.0,0.0659118176364727,0.12161623069470565,0.06401512980686572,0.026178667838533492,0.008049079754601228,0.9576545125420223
0.0,0.05203959208158368,0.09021485154157406,0.03576136168261791,0.0096051227321238,0.0,0.9575252133436772
0.0,0.07783443311337733,0.11774092437453695,0.03874147515616941,0.03678824784983364,0.009570552147239264,0.9576868373416085
0.0,0.05293941211757648,0.09847837237134553,0.046478308212505016,0.01764078096553456,0.0,0.9576868373416085
0.0,0.06613677264547091,0.11352367926141221,0.05054730930139263,0.029882604055496264,0.0022085889570552146,0.9585272821308508
0.0,0.047840431913617275,0.09181056590870235,0.03599060118058341,0.011927930190219097,0.0,0.9593354021205068
0.0,0.034568086382723455,0.09084173932866017,0.03427130494584217,0.002887814677631992,0.0,0.958947504525472
0.0,0.0607378524295141,0.10719781159172508,0.055533268382142245,0.028187582396886183,0.0028466257668711657,0.9576545125420223
0.0,0.06561187762447511,0.10719781159172508,0.05622098687603874,0.02843869671668027,0.0019141104294478528,0.9576545125420223
0.0,0.1981103779244151,0.21536444976349234,0.1737062295833572,0.17917006717308054,0.166920245398773,0.9575252133436772
0.0,0.04304139172165567,0.0848008206531031,0.027164880508911686,0.004708393496139118,0.0,0.9576545125420223
0.0,0.0617876424715057,0.10229668889268821,0.04481632185225514,0.017954673865277167,0.0,0.9577514869407809
0.0,0.05481403719256149,0.10383541346099048,0.04372743423691902,0.019461359784041683,0.0,0.9577191621411947
0.0,0.07318536292741452,0.10885051575767937,0.056278296750530116,0.03653713353003955,0.012662576687116565,0.959884923713473
0.0,0.04476604679064187,0.09750954579130336,0.043784744111410395,0.016699102266306737,0.0,0.9584949573312646
0.0,0.04476604679064187,0.07619536103037557,0.024471316407817068,0.006654529474543286,0.0011288343558282208,0.9574282389449186
0.0,0.09718056388722256,0.13460990482703597,0.07415897759183908,0.06108355828991148,0.015901840490797545,0.9576868373416085
0.0,0.0633623275344931,0.09471704564882887,0.03627715055304029,0.014815744867851088,0.00147239263803681,0.9575252133436772
0.0,0.03959208158368326,0.08514275944605916,0.03335434695398017,0.009291229832381192,0.0,0.958688906128782
0.0,0.047765446910617876,0.08223627970593264,0.02389821766290332,0.006717308054491808,0.0010797546012269938,0.9574282389449186
0.0,0.0637372525494901,0.10241066849034022,0.04596251934208264,0.01933580262414464,0.00196319018404908,0.9577838117403672
0.0,0.05878824235152969,0.11420755684732432,0.056106367127055995,0.021407495762445855,0.0,0.9575898629428498
0.0,0.053239352129574084,0.09528694363708896,0.04275316637056565,0.01399962332852031,0.0,0.9587212309283683
0.0,0.0604379124175165,0.10571607682224882,0.049057252564616884,0.02172138866218846,4.907975460122699e-05,0.9573959141453323
0.0,0.04424115176964607,0.08343306548127885,0.024471316407817068,0.006780086634440329,0.0,0.9572019653478149
0.0,0.04371625674865027,0.07687923861628769,0.02109003381282595,0.008161215393307804,0.00014723926380368098,0.9573959141453323
0.0,0.05458908218356329,0.09289337208639653,0.037366038168376414,0.014187959068365874,0.001226993865030675,0.9578161365399535
0.0,0.04004199160167966,0.06998347295834045,0.01707834259842971,0.0017578002385586038,0.0,0.9572342901474011
0.0,0.1193011397720456,0.13455291502820996,0.07679523181844232,0.06528972314646243,0.03700613496932515,0.9576868373416085
0.0,0.052789442111577684,0.09106969852396421,0.03662100979998854,0.012179044510013183,0.0,0.9574605637445048
0.0,0.07258548290341932,0.10554510742577079,0.05971688922001261,0.04124552702617867,0.014478527607361963,0.9601111973105767
0.0,0.05053989202159568,0.08725138200262153,0.030087684107971805,0.016636323686358215,0.0,0.9576545125420223
0.0,0.05728854229154169,0.101156892916168,0.04877070319216001,0.02379308180048967,0.0,0.9579777605378846
0.0,0.07393521295740851,0.1224710776770958,0.07261161098057195,0.033021533052922346,0.00603680981595092,0.9574282389449186
0.0,0.08968206358728255,0.1343249558329059,0.06309817181500373,0.04821394940046456,0.00898159509202454,0.9578484613395397
0.0,0.04169166166766647,0.07932979996580612,0.02063155481689495,0.006654529474543286,0.0,0.957492888544091
0.0,0.0651619676064787,0.11226990368723998,0.05891455097713336,0.02812480381693766,0.003975460122699386,0.9575898629428498
0.0,0.1834883023395321,0.22231720522026557,0.11450512923376698,0.12794274593508695,0.045791411042944784,0.9580424101370572
0.0,0.0620875824835033,0.1061719952128569,0.05679408562095249,0.0296942683156507,0.0037791411042944786,0.9580424101370572
0.0,0.05646370725854829,0.09500199464295891,0.0412631096337899,0.021533052922342897,0.0,0.9582040341349883
0.0,0.04491601679664067,0.08200832051062859,0.0216631325577397,0.0076589867537196306,0.0,0.9572666149469873
0.0,0.060512897420515896,0.10725480139055109,0.051063098171815,0.017766338125431602,0.0011288343558282208,0.9577191621411947
0.0,0.11142771445710858,0.14577990539693395,0.0861940512350278,0.07087701676188085,0.049570552147239266,0.9581393845358159
0.0,0.07371025794841032,0.11226990368723998,0.05020345005444438,0.033398204532613475,0.010650306748466258,0.9581717093354021
0.0,0.05736352729454109,0.09477403544765486,0.03902802452862628,0.022788624521313326,0.0,0.9590121541246445
0.0,0.0631373725254949,0.1038924032598165,0.04951573156054788,0.031200954234415216,0.004417177914110429,0.9578161365399535
0.0,0.06981103779244151,0.11728500598392888,0.05255315490859075,0.021909724402034026,0.0018650306748466258,0.9572019653478149
0.0,0.04821535692861428,0.10753975038468114,0.05576250788010774,0.01682465942620378,0.0,0.9582686837341609
0.0,0.0607378524295141,0.10372143386333846,0.05318356352799587,0.02799924665704062,0.0019141104294478528,0.9580747349366434
0.0,0.04349130173965207,0.0831481164871488,0.020574244942403577,0.009542344152175277,0.0,0.9577838117403672
0.0,0.05038992201559688,0.0865675044167094,0.03404206544787667,0.013183501789189528,0.0007852760736196319,0.9573312645461598
0.0,0.11892621475704859,0.140422864307289,0.07049114562439109,0.06252746562872748,0.017226993865030675,0.9574282389449186
0.0,0.05773845230953809,0.09813643357838947,0.04481632185225514,0.017075773745997867,0.0,0.9572989397465735
0.0,0.05878824235152969,0.10924944434946145,0.052839704281047624,0.02366752464059263,0.0021104294478527606,0.9572666149469873
0.0,0.05338932213557288,0.09203852510400638,0.044701702103272394,0.016761880846255257,0.0,0.9576868373416085
0.0,0.054664067186562686,0.09334929047700462,0.03983036277150553,0.013057944629292485,0.0,0.9574282389449186
0.0,0.04551589682063587,0.07693622841511369,0.022178921428162073,0.007470651013874066,0.002061349693251534,0.9574282389449186
0.0,0.0598380323935213,0.1022396990938622,0.04854146369419451,0.023039738841107413,0.0012760736196319017,0.9582363589345746
0.0,0.05091481703659268,0.09505898444178493,0.041893518253195025,0.015694644987130392,0.0,0.9585596069304371
0.0,0.06771145770845831,0.11278281187667408,0.05748180411484899,0.03471655471153243,0.005104294478527607,0.9579454357382984
0.0,0.05773845230953809,0.10714082179289908,0.05043268955240988,0.015820202147027434,0.0005889570552147239,0.957622187742436
0.0,0.0639622075584883,0.11033225052715565,0.05369935239841825,0.02768535375729801,0.004319018404907975,0.9577191621411947
0.0,0.052714457108578285,0.09118367812161624,0.03633446042753166,0.012806830309498399,0.0,0.9575252133436772
0.0,0.04694061187762447,0.08383199407306093,0.028540317496704683,0.010232908531609014,0.002061349693251534,0.9568463925523661
0.0,0.052114577084583086,0.09471704564882887,0.03289586795804917,0.011551258710527968,0.0017177914110429449,0.9573312645461598
0.0,0.0630623875224955,0.10497520943751068,0.05157888704223738,0.025048653399460104,0.0027975460122699387,0.957622187742436
0.0,0.060512897420515896,0.10469026044338063,0.04991690068198751,0.02165861008223994,0.0026012269938650305,0.9575575381432635
0.0,0.053239352129574084,0.1028095970821223,0.041664278755229524,0.0416221985058698,0.0037791411042944786,0.9594647013188519
0.0,0.04911517696460708,0.10121388271499401,0.04785374520029801,0.016196873626718563,0.0,0.9580747349366434
0.0,0.05331433713257348,0.10149883170912406,0.051349647544271876,0.018080231025174212,0.0,0.957622187742436
0.0,0.05728854229154169,0.10326551547273038,0.049057252564616884,0.018268566765019777,0.0010797546012269938,0.9577191621411947
0.0,0.1399220155968806,0.15472730381261754,0.13135423233423119,0.07345093853977024,0.053595092024539874,0.957880786139126
0.0,0.059013197360527896,0.10480424004103266,0.04899994269012551,0.02159583150229142,0.00039263803680981594,0.9575898629428498
0.0,0.07693461307738453,0.11637316920271272,0.053985901770875123,0.03503044761127503,0.0063312883435582825,0.9577514869407809
0.0,0.05638872225554889,0.1095343933435915,0.04745257607885839,0.013874066168623266,0.0,0.9578161365399535
0.0,0.06508698260347931,0.11164301590015387,0.05335549315147,0.023228074580952978,0.0031901840490797546,0.9575252133436772
0.0,0.062012597480503896,0.11209893429076195,0.057424494240357615,0.02046581706321803,0.0,0.9582040341349883
0.0,0.059163167366526694,0.1095343933435915,0.0428677861195484,0.017578002385586038,0.0,0.9577191621411947
0.0,0.0617876424715057,0.09665469880891321,0.04796836494928076,0.026743675058070186,0.00294478527607362,0.9587535557279545
0.0,0.05181463707258548,0.09768051518778138,0.04441515273081552,0.020842488542909158,0.0,0.957492888544091
0.0,0.04934013197360528,0.08491480025075511,0.030832712476359676,0.007784543913616674,0.0,0.9572989397465735
0.0,0.04919016196760648,0.09340628027583063,0.04854146369419451,0.016134095046770044,0.0,0.9588505301267132
1.0,0.035542891421715656,0.02382173590927224,0.028483007622213306,0.04331722016447988,0.04304294478527607,0.9775342642875614
1.0,0.03539292141571686,0.02427765429988032,0.02252278067511032,0.04451001318350179,0.05065030674846626,0.977340315490044
1.0,0.04806538692261548,0.03442183849091013,0.03524557281219554,0.05869797225186766,0.08196319018404907,0.9774372898888027
1.0,0.035092981403719255,0.02028836838205961,0.02194968193019657,0.033460983112561994,0.0221840490797546,0.9775665890871477
1.0,0.03756748650269946,0.02028836838205961,0.0200584560719812,0.03534434051101764,0.01894478527607362,0.9775342642875614
1.0,0.04071685662867427,0.03248418533082578,0.03793913691329016,0.07345093853977024,0.07386503067484662,0.9781161106801138
1.0,0.04004199160167966,0.02382173590927224,0.02154851280875695,0.03490489045137799,0.03504294478527607,0.9775342642875614
1.0,0.03876724655068986,0.025018521684618454,0.021491202934265576,0.047460606441082305,0.04284662576687116,0.9774372898888027
1.0,0.03914217156568686,0.02661423605174674,0.02687833113645481,0.04344277732437692,0.04795092024539877,0.9774372898888027
1.0,0.041466706658668265,0.031173419957827547,0.037537967791850535,0.07728043191663005,0.08495705521472392,0.978536333074735
1.0,0.03629274145170966,0.022453980737447997,0.021835062181213824,0.03779270512900998,0.030478527607361965,0.9776312386863202
1.0,0.03966706658668266,0.019091582606713398,0.01885494870766233,0.033460983112561994,0.019042944785276072,0.9774372898888027
1.0,0.039892021595680865,0.029520715791873254,0.03839761590922116,0.06692196622512399,0.09850306748466257,0.9782454098784588
1.0,0.03831733653269346,0.02781102182709295,0.028024528626282307,0.04651892774185448,0.043730061349693254,0.9774372898888027
1.0,0.03674265146970606,0.028722858608309112,0.03025961373144593,0.053675685855985936,0.06566871165644171,0.9785040082751487
1.0,0.03629274145170966,0.02256796033510002,0.01965728695054158,0.03603490489045138,0.04,0.9774049650892165
1.0,0.034493101379724056,0.02000341938792956,0.02109003381282595,0.03352376169251051,0.026895705521472392,0.9776635634859064
1.0,0.03801739652069586,0.02347979711631618,0.025044415152730815,0.04413334170381066,0.051484662576687115,0.9778898370830101
1.0,0.035542891421715656,0.023764746110446232,0.019943836322998454,0.03653713353003955,0.0312638036809816,0.9775342642875614
1.0,0.04221655668866227,0.04342622670541973,0.05736718436586624,0.08927114068679766,0.1296196319018405,0.9779221618825963
1.0,0.04116676664667067,0.048783267795064686,0.05920110034959023,0.11438257266620629,0.16407361963190184,0.9780191362813551
1.0,0.04596580683863227,0.041431583746509376,0.05633560662502149,0.0966790131207232,0.13977914110429449,0.9777282130850788
1.0,0.038467306538692264,0.021713113352709864,0.023840907788411945,0.03898549814803189,0.029104294478527606,0.9774372898888027
1.0,0.04221655668866227,0.03083148116487149,0.035474812310161044,0.06409693012744051,0.06439263803680982,0.9780837858805276
1.0,0.038917216556688665,0.037727246822818715,0.03908533440311766,0.07866156067549752,0.13349693251533742,0.9784070338763899
1.0,0.035017996400719856,0.02769704222944093,0.01730758209639521,0.051603992717684725,0.06012269938650307,0.9783747090768037
1.0,0.05241451709658068,0.05237362512110332,0.06888646913863258,0.1150103584656915,0.1511165644171779,0.9785686578743211
1.0,0.04304139172165567,0.030375562774263405,0.0312338815977993,0.061271894029757044,0.0601717791411043,0.9773726402896302
1.0,0.04656568686262747,0.04992306377158488,0.06344203106195198,0.10760248603176596,0.1827239263803681,0.9776635634859064
1.0,0.04251649670065987,0.025702399270530574,0.023840907788411945,0.05116454265804508,0.0392638036809816,0.977340315490044
1.0,0.03486802639472106,0.0202313785832336,0.01874032895867958,0.03176596145395191,0.0209079754601227,0.9776958882854926
1.0,0.03659268146370726,0.02792500142474497,0.03536019256117829,0.07062590244208676,0.08387730061349694,0.9780191362813551
1.0,0.03914217156568686,0.022112041944491935,0.0221216115536707,0.047837277920773434,0.043779141104294476,0.9777928626842514
1.0,0.03801739652069586,0.022909899128056077,0.026821021261963437,0.046581706321803,0.04971779141104295,0.9775019394879751
1.0,0.04169166166766647,0.04724454322676241,0.057195254742392114,0.11965597338188211,0.16299386503067484,0.9782130850788725
1.0,0.041016796640671864,0.03385194050265002,0.04384205398590177,0.06372025864774938,0.0843680981595092,0.9779221618825963
1.0,0.039442111577684465,0.02849489941300507,0.026649091638489313,0.049469520999434996,0.073079754601227,0.9774696146883889
1.0,0.03666766646670666,0.022681939932752037,0.0207461745658777,0.03653713353003955,0.0345521472392638,0.9775989138867339
1.0,0.03591781643671266,0.025132501282270472,0.022752020173075822,0.04909284951974386,0.05011042944785276,0.9779221618825963
1.0,0.03824235152969406,0.028722858608309112,0.03278124820906642,0.05493125745495637,0.07268711656441718,0.9776958882854926
1.0,0.04499100179964007,0.046161737049068216,0.06028998796492636,0.1487852344779961,0.17369325153374232,0.9782130850788725
1.0,0.03854229154169166,0.030432552573089418,0.023382428792480946,0.04538891330278109,0.051582822085889574,0.9775342642875614
1.0,0.03779244151169766,0.02450561349518436,0.023955527537394692,0.04243832004520058,0.04201226993865031,0.9772756658908714
1.0,0.04304139172165567,0.03265515472730381,0.039773052897014154,0.06321803000816122,0.0805398773006135,0.9775019394879751
1.0,0.034493101379724056,0.024448623696358352,0.02200699180468795,0.04695837780149413,0.03985276073619632,0.9774049650892165
1.0,0.039517096580683864,0.02000341938792956,0.020115765946472578,0.033774876012304604,0.02022085889570552,0.9774372898888027
1.0,0.039367126574685066,0.033453011910867955,0.030603472978394178,0.06773808776445477,0.08304294478527607,0.9775342642875614
1.0,0.039367126574685066,0.035276685473300276,0.04613444896555677,0.07125368824157198,0.10238036809815951,0.9779221618825963
1.0,0.03959208158368326,0.02456260329401037,0.02676371138747206,0.03980161968736267,0.029938650306748468,0.9774372898888027
1.0,0.04214157168566287,0.04120362455120533,0.04407129348386727,0.08801556908782723,0.1285398773006135,0.9777928626842514
1.0,0.03681763647270546,0.03060352196956745,0.028311077998739182,0.06095800113001444,0.07828220858895706,0.9772756658908714
1.0,0.04956508698260348,0.04342622670541973,0.05857069173018511,0.09021281938602549,0.105079754601227,0.9785686578743211
1.0,0.038992201559688064,0.02724112383883285,0.026534471889506563,0.04790005650072195,0.05438036809815951,0.9777605378846651
1.0,0.03569286142771446,0.024163674702228303,0.026477162015015186,0.04130830560612719,0.0418159509202454,0.9776958882854926
1.0,0.039892021595680865,0.03180030774491366,0.033984755573385296,0.0727603741603365,0.08269938650306749,0.9776958882854926
1.0,0.03539292141571686,0.02741209323531088,0.024815175654765317,0.05078787117835395,0.08834355828220859,0.9782130850788725
1.0,0.04131673665266947,0.026728215649398757,0.02836838787323056,0.046456149161905956,0.0554601226993865,0.9777282130850788
1.0,0.044841031793641274,0.029748674987177294,0.03140581122127342,0.0593885366313014,0.06684662576687117,0.9775019394879751
1.0,0.03636772645470906,0.020687296973841682,0.018683019084188207,0.03459099755163538,0.03023312883435583,0.9775665890871477
1.0,0.035992801439712056,0.025075511483444463,0.022236231302653446,0.04400778454391362,0.04269938650306748,0.9775342642875614
1.0,0.03194361127774445,0.018635664216105317,0.015416356238179838,0.03126373281436374,0.014969325153374234,0.9779221618825963
1.0,0.038917216556688665,0.02365076651279421,0.026075992893575563,0.03691380500973068,0.03730061349693251,0.9775665890871477
1.0,0.039817036592681467,0.029235766797743205,0.021605822683248323,0.04557724904262665,0.05226993865030675,0.9774696146883889
1.0,0.03786742651469706,0.02370775631162022,0.021605822683248323,0.03672546926988512,0.03754601226993865,0.9775342642875614
1.0,0.03801739652069586,0.02678520544822477,0.033010487707031924,0.0593885366313014,0.06395092024539878,0.9774696146883889
1.0,0.03771745650869826,0.02319484812218613,0.0209754140638432,0.03176596145395191,0.033226993865030675,0.9773726402896302
1.0,0.045740851829634076,0.046446686043198265,0.05375666227290962,0.10295687111557536,0.14080981595092024,0.978277734678045
1.0,0.035017996400719856,0.021827092950361886,0.023668978164937817,0.0346537761315839,0.021987730061349693,0.9775019394879751
1.0,0.044841031793641274,0.044167094090157864,0.05713794486790074,0.09165672672484149,0.13119018404907976,0.9784716834755625
1.0,0.039442111577684465,0.03521969567447427,0.042466616998108775,0.08104714671354134,0.10665030674846626,0.9778251874838376
1.0,0.03854229154169166,0.022852909329230068,0.025732133646627315,0.04149664134597275,0.04343558282208589,0.9774696146883889
1.0,0.03546790641871626,0.02319484812218613,0.025732133646627315,0.047523385021030824,0.07396319018404908,0.9774372898888027
1.0,0.03471805638872225,0.023536786915142188,0.0214338930597742,0.03948772678762007,0.03936196319018405,0.9774696146883889
1.0,0.03696760647870426,0.024220664501054312,0.02298125967104132,0.0346537761315839,0.03180368098159509,0.977211016291699
1.0,0.04071685662867427,0.026101327862312645,0.022923949796549947,0.042312762885303536,0.038773006134969326,0.9774372898888027
1.0,0.04176664667066587,0.028893828004787143,0.0319216000916958,0.057065729173206105,0.09575460122699386,0.978536333074735
1.0,0.03336832633473305,0.01949051119849547,0.019026878331136456,0.03503044761127503,0.024638036809815952,0.9775019394879751
1.0,0.03974205158968206,0.030375562774263405,0.03352627657745429,0.06277857994852157,0.06031901840490798,0.9774372898888027
1.0,0.03756748650269946,0.02393571550692426,0.027050260759928935,0.038608826668340764,0.03803680981595092,0.9775665890871477
1.0,0.03929214157168566,0.025930358465834615,0.026190612642558314,0.04664448490175152,0.038822085889570555,0.9775989138867339
1.0,0.03434313137372526,0.01977546019262552,0.0216631325577397,0.04526335614288405,0.030773006134969326,0.9774372898888027
1.0,0.040941811637672465,0.03105944036017553,0.03369820620092842,0.059200200891455834,0.07106748466257669,0.9781484354797
1.0,0.03711757648470306,0.034022909899128054,0.026075992893575563,0.07615041747755666,0.10885889570552147,0.9780191362813551
1.0,0.04124175164967007,0.03197127714139169,0.03335434695398017,0.0645991587670287,0.08500613496932516,0.9780514610809413
1.0,0.03479304139172166,0.02011739898558158,0.018912258582153705,0.036160462050348424,0.02203680981595092,0.9777282130850788
1.0,0.03824235152969406,0.026557246252920726,0.030431543354920054,0.05285956431665516,0.06522699386503067,0.9775665890871477
1.0,0.03794241151769646,0.022852909329230068,0.024929795403748067,0.040241069747002325,0.04515337423312883,0.9772433410912852
1.0,0.03921715656868626,0.0325981649284778,0.039658433148031406,0.06070688681022035,0.0847116564417178,0.9779221618825963
1.0,0.04401619676064787,0.03738530802986265,0.04464439222878102,0.07163035972126311,0.08971779141104294,0.9785040082751487
1.0,0.034643071385722854,0.027127144241180828,0.023726288039429194,0.04940674241948647,0.049030674846625766,0.9779544866821825
1.0,0.03839232153569286,0.02410668490340229,0.023267809043498195,0.041684977085818316,0.04215950920245399,0.9776635634859064
1.0,0.03749250149970006,0.03083148116487149,0.03404206544787667,0.07985435369451943,0.08539877300613496,0.9781484354797
1.0,0.03441811637672466,0.018293725423149255,0.02252278067511032,0.032770418733128255,0.021496932515337422,0.9775342642875614
1.0,0.040416916616676665,0.024790562489314414,0.024070147286377443,0.04463557034339883,0.04279754601226994,0.9774372898888027
1.0,0.043866226754649074,0.027355103436484868,0.02521634477620494,0.04413334170381066,0.06885889570552148,0.977211016291699
1.0,0.03854229154169166,0.03180030774491366,0.03071809272737693,0.055747378994287146,0.07278527607361963,0.9780191362813551
1.0,0.04274145170965807,0.04336923690659372,0.046019829216574014,0.09762069181995103,0.13894478527607362,0.9777928626842514
1.0,0.034568086382723455,0.025759389069356584,0.026821021261963437,0.04790005650072195,0.051337423312883435,0.9775665890871477
1.0,0.04131673665266947,0.02342280731749017,0.030030374233480428,0.04777449934082491,0.051141104294478525,0.9774372898888027
1.0,0.039367126574685066,0.02370775631162022,0.026935641010946185,0.04972063531922908,0.04426993865030675,0.9787626066718387
2.0,0.022795440911817635,0.048441329002108624,0.02252278067511032,0.13459727540963023,0.3209325153374233,0.9737199379363848
2.0,0.04026694661067787,0.10890750555650539,0.028311077998739182,0.3481700043945006,0.8107975460122699,0.9748836307214895
2.0,0.04349130173965207,0.08685245341083946,0.037308728293885034,0.22581455207483206,0.4041717791411043,0.9741078355314197
2.0,0.07903419316136773,0.09534393343591498,0.07977534529199382,0.18205788185071253,0.2621349693251534,0.976014998707008
2.0,0.04079184163167367,0.07283296289964096,0.03467247406728179,0.18500847510829305,0.27646625766871163,0.9779221618825963
2.0,0.03719256148770246,0.07961474895993617,0.027566049630351308,0.2282001381128759,0.49065030674846627,0.976014998707008
2.0,0.0613377324535093,0.1505670484983188,0.06642214453550346,0.3526272835708456,0.5594601226993865,0.9719097491595552
2.0,0.03734253149370126,0.08121046332706446,0.035646741933635165,0.21338439324502478,0.3532760736196319,0.9764028963020429
2.0,0.057588482303539294,0.07653729982333163,0.042237377500143274,0.20365371335300395,0.5279018404907976,0.9763705715024567
2.0,0.019946010797840433,0.034022909899128054,0.010315777408447475,0.10283131395567832,0.20196319018404907,0.973881561934316
2.0,0.03269346130773845,0.08035561634467431,0.025961373144592813,0.21872057254064914,0.4471656441717791,0.9747220067235584
2.0,0.0623875224955009,0.10218270929503619,0.07857183792767494,0.24590369765835896,0.37953374233128834,0.9776635634859064
2.0,0.054214157168566285,0.117968883569841,0.0442432231073414,0.28181304538891333,0.48770552147239266,0.976144297905353
2.0,0.03749250149970006,0.07175015672194678,0.03759527766634191,0.21997614413961955,0.38993865030674846,0.9740755107318335
2.0,0.03321835632873425,0.07619536103037557,0.027508739755859934,0.23278297444911797,0.5135705521472392,0.9731380915438325
2.0,0.045890821835632874,0.10714082179289908,0.03599060118058341,0.3530667336304853,0.7305030674846625,0.9747543315231445
2.0,0.05301439712057589,0.11500541403088847,0.055705198005616366,0.31106786364492434,0.5575460122699386,0.9734936643392811
2.0,0.016796640671865627,0.03829714481107881,0.010888876153361223,0.10195241383639903,0.2294478527607362,0.9716511507628652
2.0,0.03284343131373725,0.06981250356186243,0.02779528912831681,0.2046581706321803,0.4091288343558282,0.9757887251099043
2.0,0.03141871625674865,0.10035903573260387,0.020459625193420827,0.3186012932387469,0.750478527607362,0.976273597103698
2.0,0.041016796640671864,0.10645694420698695,0.040002292394979655,0.3269508443719003,0.6791656441717792,0.976014998707008
2.0,0.032093581283743254,0.08178036131532455,0.02441400653332569,0.2514909912737774,0.5409079754601227,0.9756271011119731
2.0,0.02444511097780444,0.048327349404456606,0.015588285861653964,0.141189026304225,0.33663803680981597,0.9764675459012154
2.0,0.04454109178164367,0.09859235196899754,0.0410338701358244,0.2907276037416034,0.5630920245398773,0.9764998707008017
2.0,0.033443311337732456,0.06565224824756369,0.030488853229411427,0.20572540649130516,0.3443435582822086,0.9763705715024567
2.0,0.06958608278344332,0.0865675044167094,0.07008997650295146,0.17766338125431602,0.2774969325153374,0.9754008275148695
2.0,0.05331433713257348,0.10964837294124352,0.059315720098572985,0.28363362420742044,0.4270920245398773,0.9770170674941815
2.0,0.05743851229754049,0.08457286145779905,0.07175196286320133,0.2448364617992341,0.4089325153374233,0.9759180243082493
2.0,0.03081883623275345,0.06382857468513137,0.02389821766290332,0.17094607319982422,0.29099386503067487,0.9733320403413499
2.0,0.034568086382723455,0.08035561634467431,0.027050260759928935,0.23428966036788249,0.4985521472392638,0.9759503491078355
2.0,0.03419316136772645,0.0797287285575882,0.03134850134678205,0.20691819951032708,0.38277300613496934,0.9757240755107318
2.0,0.05128974205158968,0.10799566877528922,0.036792939423462664,0.35363174085002197,0.8965889570552147,0.9735259891388673
2.0,0.03666766646670666,0.07961474895993617,0.02779528912831681,0.2509259840542407,0.44588957055214723,0.9748836307214895
2.0,0.03231853629274145,0.09448908645352481,0.02636254226603244,0.2931759683595957,0.6768098159509203,0.9741724851305922
2.0,0.02601979604079184,0.039095001994642956,0.018453779586222706,0.08726222612844498,0.11921472392638037,0.9771786914921128
2.0,0.06898620275944811,0.1444121502251097,0.051406957418763256,0.3505555904325444,0.6621840490797546,0.9721360227566589
2.0,0.04446610677864427,0.10628597481050892,0.03409937532236804,0.29995605499403605,0.56279754601227,0.9734290147401086
2.0,0.03816736652669466,0.06508235025930359,0.03599060118058341,0.1880846255257706,0.4140368098159509,0.9733966899405224
2.0,0.04746550689862027,0.0752835242491594,0.04802567482377214,0.19907087701676188,0.3666748466257669,0.9745927075252133
2.0,0.03216856628674265,0.08126745312589047,0.02286663992205857,0.2352313390671103,0.5497914110429448,0.9744310835272821
2.0,0.03749250149970006,0.06872969738416823,0.03203621984067855,0.17220164479879466,0.3402208588957055,0.9738492371347298
2.0,0.04311637672465507,0.0724340343078589,0.042237377500143274,0.17427333793709587,0.2754355828220859,0.9775665890871477
2.0,0.04544091181763647,0.07630934062802758,0.043784744111410395,0.2457153619185134,0.4253742331288344,0.9758533747090768
2.0,0.03119376124775045,0.06610816663817176,0.019714596825032953,0.21526775064348044,0.5882208588957055,0.9733643651409362
2.0,0.04221655668866227,0.11221291388841398,0.04069001088887615,0.3142695712222989,0.5562699386503067,0.9755301267132144
2.0,0.05241451709658068,0.10725480139055109,0.04051808126540203,0.3127628853035344,0.6334723926380368,0.9736229635376261
2.0,0.07453509298140372,0.11318174046845615,0.0665940741589776,0.3015882980726976,0.5851779141104294,0.9734290147401086
2.0,0.03629274145170966,0.0808685245341084,0.024929795403748067,0.2130705003452822,0.4383803680981595,0.9740431859322473
2.0,0.0634373125374925,0.10201173989855816,0.05765373373832311,0.31339067110301966,0.7808588957055215,0.9727825187483837
2.0,0.05871325734853029,0.13717444577420643,0.05977419909450398,0.35758679138677885,0.5742822085889571,0.9739785363330747
2.0,0.027444511097780445,0.052601584316407365,0.022236231302653446,0.15179860631552514,0.3125889570552147,0.9740431859322473
2.0,0.03104379124175165,0.08964495355331396,0.02441400653332569,0.26837842927992966,0.6011779141104294,0.9749159555210758
2.0,0.04116676664667067,0.06901464637829828,0.029514585363058055,0.1842551321489108,0.40083435582822086,0.9746250323247996
2.0,0.04379124175164967,0.07129423833133869,0.04143503925726403,0.2058509636512022,0.4052024539877301,0.9741724851305922
2.0,0.029769046190761848,0.06428449307573944,0.02309587942002407,0.1814300960512273,0.35008588957055214,0.9751745539177658
2.0,0.03089382123575285,0.04411010429133185,0.016218694481059087,0.110615857869295,0.189840490797546,0.9756594259115593
2.0,0.05038992201559688,0.10377842366216447,0.04143503925726403,0.2808713666896855,0.5369815950920246,0.9752392035169382
2.0,0.07236052789442111,0.08964495355331396,0.08917416470857929,0.21156381442651767,0.33280981595092024,0.9778575122834239
2.0,0.034493101379724056,0.0780760243916339,0.023497048541463693,0.22958126687174335,0.4656687116564417,0.975077579519007
2.0,0.02669466106778644,0.07061036074542656,0.01742220184537796,0.19743863393810032,0.3341840490797546,0.97307344194466
2.0,0.040941811637672465,0.11443551604262837,0.031176571723307928,0.36442965660116766,0.7348711656441718,0.9769524178950091
2.0,0.0632123575284943,0.08582663703197128,0.06716717290389133,0.2491681838156821,0.39317791411042946,0.977340315490044
2.0,0.06523695260947811,0.1286829657491309,0.08871568571264829,0.33398204532613474,0.5794355828220858,0.9770170674941815
2.0,0.039892021595680865,0.11016128113067761,0.03226545933864405,0.34415217527779524,0.8050061349693252,0.9764998707008017
2.0,0.03666766646670666,0.08195133071180259,0.023267809043498195,0.23924916818381567,0.5859141104294479,0.9739462115334885
2.0,0.02624475104979004,0.05864250299196444,0.02109003381282595,0.1819323246908155,0.400441717791411,0.9761766227049392
2.0,0.0660617876424715,0.13620561919416424,0.04728064645538426,0.3324753594073702,0.6468220858895706,0.9707137315748642
2.0,0.03096880623875225,0.07801903459280789,0.021491202934265576,0.26297947140435685,0.6628220858895706,0.974269459529351
2.0,0.03659268146370726,0.08668148401436143,0.02578944352111869,0.24433423315964592,0.47062576687116564,0.974269459529351
2.0,0.04116676664667067,0.10634296460933493,0.03444323456931629,0.29418042563877206,0.6208098159509202,0.9751099043185932
2.0,0.05301439712057589,0.08554168803784122,0.06218121382314173,0.2174650009416787,0.37899386503067484,0.9760796483061805
2.0,0.035017996400719856,0.07511255485268137,0.0310046420998338,0.22399397325632495,0.5255950920245399,0.9766614946987329
2.0,0.05593881223755249,0.08183735111415057,0.04498825147572927,0.19612028375918136,0.31808588957055217,0.9735906387380399
2.0,0.04716556688662268,0.0690716361771243,0.04636368846352226,0.15700922845125242,0.22419631901840492,0.9768877682958366
2.0,0.05548890221955609,0.07784806519632986,0.04968766118402201,0.1764078096553456,0.2729325153374233,0.9765645202999741
2.0,0.03576784643071386,0.084287912463669,0.02836838787323056,0.23485466758741919,0.412319018404908,0.977211016291699
2.0,0.03179364127174565,0.07254801390551091,0.02790990887729956,0.2174650009416787,0.4672883435582822,0.9762412723041117
2.0,0.038917216556688665,0.07494158545620334,0.042237377500143274,0.19618306233912988,0.34988957055214726,0.9785040082751487
2.0,0.042891421715656866,0.07009745255599248,0.046994097082927386,0.17804005273400716,0.3387975460122699,0.9756917507111456
2.0,0.03239352129574085,0.06662107482760586,0.021892372055705198,0.1740850021972503,0.27440490797546013,0.976144297905353
2.0,0.0653119376124775,0.10429133185159857,0.057768353487305864,0.2558854918701739,0.5232883435582822,0.9764675459012154
2.0,0.053164367126574685,0.10634296460933493,0.05123502779528913,0.27208236549689246,0.46611042944785275,0.9738169123351436
2.0,0.04934013197360528,0.10218270929503619,0.05347011290045275,0.3108795279050788,0.6855950920245398,0.976014998707008
2.0,0.04649070185962807,0.0769932182139397,0.03954381339904866,0.18996798292422626,0.36554601226993866,0.9792151538660461
2.0,0.0625374925014997,0.13176041488573545,0.056049057252564614,0.40109234729110427,0.8035337423312884,0.974269459529351
2.0,0.04416616676664667,0.10263862768564427,0.038684165281678035,0.30026994789377864,0.564957055214724,0.9764998707008017
2.0,0.03666766646670666,0.05830056419900838,0.02745142988136856,0.1388034402661812,0.2576196319018405,0.9754008275148695
2.0,0.03854229154169166,0.09739556619365133,0.033182417330506045,0.3033460983112562,0.5846871165644172,0.9751745539177658
2.0,0.03749250149970006,0.07693622841511369,0.026190612642558314,0.20503484211187142,0.3827239263803681,0.9765645202999741
2.0,0.03231853629274145,0.0690716361771243,0.030202303856954552,0.16699102266306737,0.31337423312883433,0.9777928626842514
2.0,0.03681763647270546,0.07824699378811192,0.033755516075419795,0.2035281561931069,0.34822085889570553,0.9764028963020429
2.0,0.03794241151769646,0.08628255542257936,0.0310046420998338,0.24854039801619687,0.4929079754601227,0.975885699508663
2.0,0.046340731853629274,0.08924602496153189,0.043612814487936274,0.25061209115449806,0.4820122699386503,0.9775665890871477
2.0,0.04544091181763647,0.08400296346953895,0.04017422201845378,0.24766149789691758,0.44412269938650306,0.976823118696664
2.0,0.027069586082783443,0.07083831994073062,0.018568399335205456,0.2311507313704564,0.5626012269938651,0.9744634083268684
2.0,0.02489502099580084,0.0662791360346498,0.015473666112671213,0.2108104714671354,0.6637055214723926,0.9732997155417636
2.0,0.033518296340731855,0.07140821792899071,0.01851108946071408,0.21143825726662063,0.4918282208588957,0.9762089475045255
2.0,0.05638872225554889,0.1309625577021713,0.056106367127055995,0.384204909284952,0.7815460122699387,0.9722976467545901
2.0,0.032093581283743254,0.06274576850743717,0.018912258582153705,0.203779270512901,0.5548957055214724,0.9744634083268684
2.0,0.045890821835632874,0.1111870975095458,0.04200813800217777,0.3511205976520811,0.688,0.976273597103698
3.0,0.3744751049790042,0.40930073516840487,0.5038684165281678,0.5756795781279428,0.4739631901840491,0.9757887251099043
3.0,0.3914217156568686,0.4343762466518493,0.5352169178749498,0.6133467260970557,0.4994846625766871,0.980411171450737
3.0,0.3259598080383923,0.35065823217644043,0.44059831508968994,0.5030447611275033,0.414920245398773,0.9738169123351436
3.0,0.38752249550089984,0.4062232860318003,0.5082239669895123,0.5661372339757674,0.4761226993865031,0.9780191362813551
3.0,0.39967006598680266,0.4291331851598564,0.5246145910940455,0.5792579571850085,0.49163190184049077,0.9823506594259116
3.0,0.4304889022195561,0.43922037955206017,0.5549888245744742,0.60424383200452,0.5123926380368098,0.9802172226532195
3.0,0.3594781043791242,0.3915199179346897,0.47143102756604965,0.5442275095737334,0.4472638036809816,0.9756594259115593
3.0,0.33473305338932213,0.3578389468285177,0.44036907559172445,0.5002825036097683,0.4230674846625767,0.9743341091285234
3.0,0.39037192561487705,0.41385991907448566,0.50312338815978,0.5731056563500534,0.47332515337423314,0.9762089475045255
3.0,0.28989202159568084,0.3162933834843563,0.4049515731560548,0.45464247598719315,0.3664294478527607,0.9741724851305922
3.0,0.28659268146370726,0.309055679033453,0.3946931056220987,0.44459790319542974,0.3692760736196319,0.974269459529351
3.0,0.39314637072585484,0.41488573545335383,0.5258180984583644,0.5812668717433611,0.4818159509202454,0.9790212050685285
3.0,0.3830233953209358,0.4234342052772554,0.49383918849217723,0.5567204469834892,0.4752883435582822,0.9761119731057667
3.0,0.3869226154769046,0.4061093064341483,0.5114333199610293,0.5701550630924729,0.46375460122699386,0.9775989138867339
3.0,0.3752249550089982,0.3899811933663874,0.4910310046420998,0.5432230522945571,0.4694969325153374,0.9772433410912852
3.0,0.33008398320335935,0.35191200775061265,0.4493667258868703,0.47724276476866095,0.4019631901840491,0.9744957331264547
3.0,0.3054139172165567,0.33549894568872174,0.42174336638202764,0.4771172076087639,0.3897914110429448,0.9742371347297647
3.0,0.3324835032993401,0.348549609619878,0.44054100521519857,0.48295561554397637,0.3933251533742331,0.9746573571243858
3.0,0.387747450509898,0.40650823502593036,0.5071923892486675,0.567518362734635,0.4703312883435583,0.9754008275148695
3.0,0.383623275344931,0.40212002051632756,0.49573041435039256,0.5682089271140687,0.4687116564417178,0.9759180243082493
3.0,0.3929214157168566,0.40018236735624324,0.4985385982004699,0.5492497959696152,0.4540858895705521,0.9756917507111456
3.0,0.3841481703659268,0.4077050208012766,0.4993982463178406,0.5757423567078913,0.4873128834355828,0.9768554434962503
3.0,0.4055188962207559,0.41887502137117455,0.5398590177087512,0.6034904890451378,0.4889325153374233,0.9763059219032842
3.0,0.3804739052189562,0.40303185729754376,0.4949280761075133,0.5597965974009668,0.4701840490797546,0.9776312386863202
3.0,0.39674565086982605,0.4236051746737334,0.523468393604218,0.5748634565886119,0.4943803680981595,0.9778898370830101
3.0,0.3819736052789442,0.4117512965179233,0.49670468221674596,0.570657291732061,0.45712883435582824,0.9762412723041117
3.0,0.3870725854829034,0.41306206189092154,0.50146140179953,0.5715361918513403,0.474159509202454,0.9763382467028704
3.0,0.3728254349130174,0.3887844075910412,0.4893117084073586,0.5486220101701299,0.4636564417177914,0.9756271011119731
3.0,0.3614277144571086,0.3867327748333048,0.48168949510000575,0.532739029443154,0.44466257668711656,0.9754654771140419
3.0,0.371625674865027,0.3915769077335157,0.47727663476416987,0.5387029945382635,0.4495705521472393,0.9770170674941815
3.0,0.41526694661067787,0.4303869607340286,0.5288555218064073,0.5929436876137861,0.5073865030674847,0.9816395138350142
3.0,0.3702759448110378,0.40474155126232403,0.4976789500830993,0.5450436311130642,0.46458895705521475,0.975077579519007
3.0,0.3969706058788242,0.41272012309796546,0.5133818556937361,0.5697156130328332,0.48157055214723926,0.9762089475045255
3.0,0.36337732453509297,0.3942554282783382,0.48088715685712646,0.5200577562935527,0.4482453987730061,0.9754331523144556
3.0,0.27377024595080984,0.3021029235766798,0.37910481976044474,0.4311632870864461,0.34444171779141103,0.9740755107318335
3.0,0.3693011397720456,0.3917478771299937,0.48696200355321223,0.5368824157197564,0.432,0.9747543315231445
3.0,0.40934313137372524,0.4369977773978458,0.5428391311823028,0.6150417477556658,0.5084662576687117,0.9826092578226014
3.0,0.4041691661667666,0.42200946030660513,0.520717519628632,0.5795718500847511,0.4909938650306748,0.9771140418929403
3.0,0.3657768446310738,0.38775859121217304,0.47687546564273026,0.5347479440015067,0.4525153374233129,0.9769524178950091
3.0,0.41316736652669467,0.45762808457286147,0.5586566565419222,0.6184945696528344,0.5265766871165645,0.9739138867339022
3.0,0.3886472705458908,0.4031458368951958,0.49487076623302195,0.555967104024107,0.4550674846625767,0.9753361779156969
3.0,0.4006448710257948,0.43340742007180716,0.517049687661184,0.6045577249042626,0.5018895705521472,0.9811869666408068
3.0,0.30788842231553687,0.3340742007180715,0.4309129463006476,0.44604181053424574,0.3999018404907975,0.9741078355314197
3.0,0.3083383323335333,0.33287741494272527,0.41400653332569204,0.47316215707200704,0.4009815950920245,0.974269459529351
3.0,0.3744751049790042,0.3882145096027811,0.46793512522207575,0.5389541088580576,0.4389693251533742,0.9742371347297647
3.0,0.2826184763047391,0.31099333219353736,0.39062410453321106,0.44566513905455457,0.369079754601227,0.9740755107318335
3.0,0.3718506298740252,0.38114777454835586,0.48415381970313487,0.5486220101701299,0.46370552147239263,0.9766291698991466
3.0,0.35182963407318535,0.36000455918390606,0.4563012207003267,0.5227572352313391,0.42355828220858893,0.9756917507111456
3.0,0.32348530293941213,0.3465549666609677,0.429136340191415,0.4870990018205788,0.3977914110429448,0.9746896819239721
3.0,0.3615776844631074,0.3842822134837864,0.477448564387644,0.5293489861259338,0.4546257668711656,0.9755947763123869
3.0,0.41736652669466107,0.4187610417735225,0.5207748295031234,0.583652457781405,0.4834846625766871,0.9798616498577709
3.0,0.389247150569886,0.4152276742463099,0.5139549544386498,0.5737334421495386,0.4816687116564417,0.9764028963020429
3.0,0.35040491901619675,0.37282726391975834,0.46936787208436015,0.5220666708519053,0.43455214723926383,0.9760796483061805
3.0,0.3289592081583683,0.3476947626374879,0.4293082698148891,0.4867851089208362,0.40588957055214725,0.9741078355314197
3.0,0.3777744451109778,0.4141448680686157,0.5059315720098573,0.5621194048590621,0.47244171779141103,0.9774372898888027
3.0,0.3588032393521296,0.38502308086852455,0.4732649435497736,0.5224433423315965,0.435680981595092,0.9751422291181795
3.0,0.393371325734853,0.4073630820083205,0.5121783483294171,0.5785046142256263,0.4776441717791411,0.9758533747090768
3.0,0.3878224355128974,0.41146634752379324,0.49848128832597854,0.5464875384518803,0.45442944785276074,0.9751422291181795
3.0,0.41849130173965204,0.43637088961075965,0.5556192331938793,0.6177412266934522,0.5115092024539877,0.9818981122317042
3.0,0.3153869226154769,0.34923348720579017,0.4281047624505702,0.4653776131583904,0.3939631901840491,0.9744634083268684
3.0,0.38969706058788245,0.4218384909101271,0.5140695741876325,0.5798229644045452,0.4794601226993865,0.9763705715024567
3.0,0.36255248950209956,0.393343591497122,0.48168949510000575,0.5382007658986754,0.4603680981595092,0.9747543315231445
3.0,0.39112177564487105,0.41847609277939246,0.5227806751103216,0.5736706635695901,0.48029447852760737,0.9773079906904577
3.0,0.37252549490101977,0.3942554282783382,0.4854146369419451,0.5479942243706447,0.45521472392638035,0.9770493922937677
3.0,0.380248950209958,0.40987063315666494,0.4995128660668233,0.5661372339757674,0.4699386503067485,0.9750129299198345
3.0,0.37125074985003,0.4152276742463099,0.49011404665023783,0.5662627911356645,0.48078527607361965,0.9766938194983191
3.0,0.34110677864427114,0.36672935544537527,0.4469597111582326,0.5101387406616862,0.41138650306748464,0.9751422291181795
3.0,0.35550389922015596,0.3853080298626546,0.48323686171127284,0.528156193106912,0.4494723926380368,0.9739462115334885
3.0,0.3714757048590282,0.39129195873938566,0.49647544271878047,0.5446669596333731,0.4692024539877301,0.9761766227049392
3.0,0.2926664667066587,0.3123040975665356,0.3814545246145911,0.4462929248540398,0.3536196319018405,0.9741724851305922
3.0,0.377999400119976,0.39704792842081266,0.4931514699982807,0.5351873940611463,0.456,0.9751099043185932
3.0,0.4112177564487103,0.43676981820254174,0.549143217376354,0.6183690124929374,0.5119018404907976,0.9818011378329454
3.0,0.372000599880024,0.3966489998290306,0.49131755401455673,0.5606754975202461,0.446920245398773,0.9763382467028704
3.0,0.30998800239952007,0.33185159856385704,0.41297495558484726,0.4707137924540147,0.37560736196319017,0.9739138867339022
3.0,0.3789742051589682,0.40360175528580383,0.5012894721760559,0.5505681461485341,0.47283435582822086,0.9763705715024567
3.0,0.29431613677264545,0.3153815467031401,0.39813169809158117,0.4516291041496641,0.3810552147239264,0.9740431859322473
3.0,0.3940461907618476,0.4089587963754488,0.5247292108430283,0.569213384393245,0.48260122699386504,0.9763382467028704
3.0,0.3717006598680264,0.4003533367527213,0.5054730930139263,0.5581643543223053,0.46959509202453986,0.9754978019136281
3.0,0.31921115776844633,0.3637088961075967,0.4553269528339733,0.4928118525958943,0.40746012269938653,0.9739785363330747
3.0,0.3872225554889022,0.40217701031515357,0.4941257378646341,0.5645049908971059,0.4909447852760736,0.977340315490044
3.0,0.395620875824835,0.4090727759731008,0.5069058398762106,0.5571598970431288,0.4604171779141104,0.976144297905353
3.0,0.3537042591481704,0.38798655040747704,0.48237721359390223,0.5338690438822273,0.44912883435582823,0.974818981122317
3.0,0.2833683263347331,0.3006211888072035,0.38156914436357386,0.45081298261033337,0.36893251533742333,0.9744310835272821
3.0,0.3609778044391122,0.39756083661024677,0.48461229869906586,0.5548998681649822,0.45447852760736196,0.9777282130850788
3.0,0.41301739652069586,0.4387644611614521,0.5419221731904407,0.6091405612405048,0.5030184049079754,0.9778898370830101
3.0,0.3030143971205759,0.3386903744229783,0.3925726402659178,0.4725343712725218,0.3951411042944785,0.9739138867339022
3.0,0.3620275944811038,0.38781558101099906,0.46587196974038625,0.5380124301588298,0.4307239263803681,0.9749159555210758
3.0,0.29791541691661666,0.32620960848008207,0.41142758897358017,0.4692698851151987,0.38542331288343556,0.9748513059219033
3.0,0.3616526694661068,0.3927167037100359,0.4776778038856095,0.5373846443593446,0.442601226993865,0.9762089475045255
3.0,0.376499700059988,0.40571037784236624,0.4938964983666686,0.5498148031891519,0.4568834355828221,0.977081717093354
3.0,0.3906718656268746,0.41710833760756827,0.5058169522608745,0.5527026178667839,0.4772515337423313,0.9762412723041117
3.0,0.30436412717456507,0.3191428734256568,0.40850478537452,0.4589114194236926,0.38974233128834357,0.9741724851305922
3.0,0.3621775644871026,0.3816606827377899,0.49366725886870305,0.5637516479377237,0.4593865030674847,0.9763059219032842
3.0,0.3905218956208758,0.40137915313158945,0.49395380824116,0.5641910979973633,0.4694478527607362,0.9763059219032842
3.0,0.3710257948410318,0.3915199179346897,0.49550117485242706,0.566200012555716,0.4565398773006135,0.9758533747090768
3.0,0.3657018596280744,0.3825155297201801,0.47590119777637685,0.5513842676878649,0.43391411042944783,0.974948280320662
3.0,0.28644271145770844,0.3094546076252351,0.3938334575047281,0.44641848201393686,0.3758036809815951,0.9738169123351436
3.0,0.3082633473305339,0.3353279762922437,0.4168147171757694,0.4679515349362797,0.3945030674846626,0.9744634083268684
3.0,0.4055188962207559,0.4229212970878213,0.5121210384549257,0.5790068428652144,0.4723435582822086,0.9756594259115593
3.0,0.3749250149970006,0.40212002051632756,0.4851853974439796,0.5404607947768222,0.4609570552147239,0.9772756658908714
4.0,0.14959508098380325,0.15854562033396022,0.17863487878961545,0.2855169816058761,0.30812269938650305,0.9896237393328161
4.0,0.15671865626874626,0.1752436313899812,0.1878617685827268,0.28187582396886185,0.3249570552147239,0.9860356865787432
4.0,0.19728554289142172,0.2000341938792956,0.2428219382199553,0.32500470839349616,0.3263312883435583,0.996799844840962
4.0,0.1278494301139772,0.15159286487718698,0.15381970313485013,0.27170569401720135,0.3213251533742331,0.9854861649857771
4.0,0.14539592081583683,0.15706388556448395,0.17055418648633158,0.25827107790821774,0.2771042944785276,0.9931794672873028
4.0,0.1821385722855429,0.18977603009061378,0.2209295661642501,0.3109423064850273,0.32834355828220857,0.9960240496508922
4.0,0.15394421115776843,0.17210919245455064,0.18895065619806292,0.3102517421055936,0.33334969325153374,0.9901732609257823
4.0,0.14674565086982602,0.14589388499458597,0.16539629778210785,0.25199321991336554,0.25879754601226995,0.9896883889319886
4.0,0.1837132573485303,0.19860944890864535,0.2483236861711273,0.32826919455081927,0.3481717791411043,0.993470390483579
4.0,0.12297540491901619,0.1270872513820026,0.12820218923720558,0.22600288781467764,0.23592638036809815,0.9897853633307474
4.0,0.17141571685662868,0.1842480196044908,0.22310734139492233,0.3147090212819386,0.3348220858895706,0.9922420480993018
4.0,0.1288992201559688,0.15330255884196728,0.1607541979483065,0.28105970242953104,0.32034355828220856,0.988136798551849
4.0,0.1291991601679664,0.15427138542200947,0.1618430855636426,0.27176847259714987,0.3372760736196319,0.9829971554176364
4.0,0.1282243551289742,0.13780133356129254,0.1748524270731847,0.25167932701362294,0.2723435582822086,0.9934380656839927
4.0,0.17314037192561488,0.1836211318174047,0.21880910080806923,0.2862075459853098,0.31160736196319017,0.9957008016550297
4.0,0.127249550089982,0.1399669459166809,0.15215771677460027,0.26800175780023855,0.2994355828220859,0.9881691233514353
4.0,0.17561487702459508,0.17820710092893371,0.21399507135079374,0.2913553895410886,0.31391411042944783,0.9866175329712956
4.0,0.14967006598680263,0.17051347808742234,0.18860679695111468,0.3026555339318225,0.3378159509202454,0.9830618050168088
4.0,0.1342231553689262,0.1382002621530746,0.16224425468508225,0.2501098625149099,0.2558036809815951,0.988136798551849
4.0,0.11795140971805639,0.11933663874166524,0.13158347183219668,0.20622763513089334,0.22208588957055214,0.9844517713990173
4.0,0.14089682063587283,0.17233715164985466,0.19691672875236405,0.3098122920459539,0.3466993865030675,0.9887509697439876
4.0,0.13189862027594482,0.14475408901806577,0.17158576422717634,0.251930441333417,0.29305521472392637,0.9899146625290923
4.0,0.12912417516496702,0.1465777625804981,0.16081150782279788,0.26272835708456277,0.2745030674846626,0.99492500646496
4.0,0.14067186562687461,0.13580669060238218,0.16293197317897873,0.2308996170506623,0.24809815950920244,0.9882984225497802
4.0,0.16699160167966406,0.1820254174502764,0.20367929394234627,0.33467260970556845,0.3451288343558282,0.9928238944918542
4.0,0.15934313137372524,0.17011454949564028,0.19829216574015704,0.3073011488480131,0.33099386503067485,0.9913692785104732
4.0,0.14314637072585482,0.15808970194335215,0.17439394807725372,0.25827107790821774,0.2896687116564417,0.9874256529609516
4.0,0.1843131373725255,0.19114378526243803,0.22855177947160296,0.30931006340636574,0.3162699386503067,0.9847103697957073
4.0,0.17111577684463108,0.18704051974696528,0.2332511891798957,0.3083056061271894,0.3401717791411043,0.9943108352728213
4.0,0.16489202159568087,0.17393286601698296,0.1945097140237263,0.2798669094105091,0.28152147239263803,0.9940845616757176
4.0,0.15956808638272346,0.168632814726164,0.19657286950541578,0.2830686169878837,0.2939877300613497,0.9961533488492371
4.0,0.15004499100179963,0.14851541574058244,0.16321852255143562,0.2622889070249231,0.28004907975460125,0.9936320144815102
4.0,0.1789892021595681,0.18139852966319028,0.21984067854891398,0.29851214765522005,0.3094478527607362,0.9845810705973623
4.0,0.13857228554289142,0.1527896506525332,0.1682617915066766,0.26128444974574677,0.29099386503067487,0.9941168864753038
4.0,0.14059688062387524,0.15307459964666326,0.17112728523124535,0.26881787933956935,0.3019386503067485,0.98907421773985
4.0,0.17066586682663468,0.1831652134267966,0.21559974783655222,0.31113064222487286,0.3412515337423313,0.9937936384794415
4.0,0.14397120575884823,0.13968199692255087,0.16631325577396985,0.23931194676376422,0.24014723926380369,0.9835790018101888
4.0,0.14892021595680863,0.15751980395509205,0.1856266834775632,0.2750957373344215,0.3053742331288344,0.9933087664856478
4.0,0.1349730053989202,0.15911551832222032,0.1689495100005731,0.2945570971184632,0.3398773006134969,0.9877489009568141
4.0,0.17171565686862628,0.1841910298056648,0.22150266490916384,0.3062966915688367,0.3132760736196319,0.9964442720455133
4.0,0.15551889622075585,0.1601983244999145,0.18086996389477908,0.26297947140435685,0.2583067484662577,0.9943754848719938
4.0,0.16294241151769645,0.16703710035903574,0.20803484440369074,0.28187582396886185,0.2952638036809816,0.996799844840962
4.0,0.1300239952009598,0.14469709921923976,0.1618430855636426,0.24697093351748384,0.2710674846625767,0.9844840961986036
4.0,0.15641871625674866,0.1596284265116544,0.1999541521004069,0.25167932701362294,0.26061349693251534,0.9845487457977761
4.0,0.13932213557288542,0.1454379666039779,0.1635050719238925,0.2645489359030699,0.2891288343558282,0.9952805792604086
4.0,0.11900119976004798,0.12167322049353166,0.13754369877929967,0.2087387783288342,0.2227239263803681,0.9857770881820532
4.0,0.11390221955608879,0.11984954693109934,0.14241503811106654,0.21752777952162722,0.23808588957055216,0.9896883889319886
4.0,0.1262747450509898,0.14293041545563345,0.15313198464095365,0.26662062904137107,0.2750920245398773,0.9882337729506077
4.0,0.14817036592681462,0.15814669174217816,0.19158691042466616,0.2686295435997238,0.2830429447852761,0.9877489009568141
4.0,0.1984853029394121,0.20522026557246253,0.2348558656656542,0.32676250863205475,0.32991411042944785,0.9898823377295061
4.0,0.13774745050989803,0.14709067076993218,0.18098458364376183,0.257706070688681,0.28029447852760736,0.9879105249547453
4.0,0.1348980203959208,0.14167663988146123,0.15977993008195313,0.2491681838156821,0.2814723926380368,0.988136798551849
4.0,0.15154469106178764,0.1668091411637317,0.17863487878961545,0.2951848829179484,0.32750920245398774,0.9942461856736489
4.0,0.12050089982003599,0.13062061890921525,0.13605364204252393,0.24565258333856488,0.24765644171779141,0.9880721489526765
4.0,0.10550389922015597,0.11791189377101499,0.1302080348444037,0.21376106472471593,0.22763190184049079,0.9882014481510215
4.0,0.14292141571685663,0.15746281415626603,0.17960914665596883,0.28658421746500096,0.3034601226993865,0.9963796224463408
4.0,0.129874025194961,0.13557873140707813,0.13605364204252393,0.23159018143009605,0.23003680981595093,0.9834173778122576
4.0,0.11247750449910018,0.11272582207784806,0.11863144019714597,0.20578818507125368,0.20701840490797546,0.9845164209981898
4.0,0.13864727054589082,0.1601983244999145,0.18115651326723595,0.3039738841107414,0.36814723926380366,0.9963472976467546
4.0,0.1293491301739652,0.13364107824699378,0.15536706974611725,0.24182308996170507,0.2573251533742331,0.9941492112748901
4.0,0.1832633473305339,0.19473414258847666,0.2515330391426443,0.32965032330968674,0.3555828220858896,0.9930178432893716
4.0,0.13962207558488302,0.13671852738359833,0.15599747836552239,0.23918638960386715,0.2376441717791411,0.9849043185932247
4.0,0.123875224955009,0.1225280674759218,0.13932030488853228,0.20158202021470276,0.2007361963190184,0.9874256529609516
4.0,0.14179664067186562,0.14538097680515188,0.1673448335148146,0.24835206227635132,0.2496196319018405,0.996799844840962
4.0,0.15251949610077983,0.16698011056020973,0.17427932832827095,0.2863958817251554,0.32520245398773007,0.9959270752521334
4.0,0.10865326934613077,0.12543454721604833,0.1312969224597398,0.25243266997300523,0.27656441717791413,0.9899146625290923
4.0,0.1282243551289742,0.13381204764347182,0.159608000458479,0.23472911042752212,0.23936196319018405,0.9934057408844065
4.0,0.14907018596280744,0.15524021200205163,0.17571207519055534,0.2674995291606504,0.273079754601227,0.9957008016550297
4.0,0.14869526094781044,0.1426454664615034,0.18172961201214968,0.2545043631113064,0.25300613496932517,0.9884923713472976
4.0,0.1262747450509898,0.13307118025873368,0.1561694079889965,0.23573356770669848,0.23484662576687115,0.997866563227308
4.0,0.10692861427714458,0.11831082236279707,0.1233308499054387,0.21752777952162722,0.2233128834355828,0.9852275665890872
4.0,0.1261997600479904,0.14116373169202712,0.1525015760215485,0.26304224998430537,0.28476073619631903,0.995733126454616
4.0,0.19518596280743852,0.19142873425656806,0.22998452633388733,0.31891518613848957,0.3244662576687117,0.9884600465477114
4.0,0.17246550689862028,0.17678235595828345,0.23227692131354233,0.29593822587733065,0.31283435582822083,0.9879751745539178
4.0,0.14502099580083982,0.14925628312532058,0.17038225686285746,0.25105154121413775,0.25629447852760734,0.993728988880269
4.0,0.1270245950809838,0.17455975380406907,0.17181500372514183,0.33429593822587733,0.40137423312883436,0.9876196017584691
4.0,0.11690161967606479,0.1258904656066564,0.13857527652014442,0.21759055810157574,0.2452515337423313,0.9841608482027412
4.0,0.14142171565686862,0.14076480310024506,0.15771677460026362,0.23943750392366125,0.25899386503067484,0.9933087664856478
4.0,0.13122375524895022,0.14002393571550692,0.15588285861653964,0.241571975641911,0.2631656441717791,0.9845487457977761
4.0,0.1241751649670066,0.11756995497805893,0.1338185569373603,0.21620942934270826,0.2289079754601227,0.9891711921386087
4.0,0.1252999400119976,0.1310195475009973,0.155940168491031,0.24439701173959444,0.24103067484662577,0.9844840961986036
4.0,0.1282243551289742,0.14577990539693395,0.1547939710012035,0.2772929876326197,0.2920736196319018,0.9897207137315749
4.0,0.14929514097180563,0.1562090385820938,0.19250386841652817,0.254692698851152,0.27278527607361963,0.9944724592707526
4.0,0.118251349730054,0.1382572519519006,0.15783139434924637,0.2508004268943437,0.27896932515337425,0.9914016033100594
4.0,0.14652069586082783,0.14458311962158774,0.1755401455670812,0.2511770983740348,0.26483435582822085,0.988944918541505
4.0,0.1248500299940012,0.15461332421496551,0.15473666112671214,0.29041371084186074,0.3555337423312883,0.9921127489009568
4.0,0.15439412117576484,0.16532740639425542,0.19078457218178693,0.29474543285830873,0.31661349693251534,0.9907874321179209
4.0,0.11435212957408518,0.11078816891776372,0.11891798956960284,0.20855044258898864,0.20574233128834357,0.9846133953969486
4.0,0.1232003599280144,0.1229839858665299,0.1386325863946358,0.21501663632368637,0.2254233128834356,0.9922097232997156
4.0,0.13122375524895022,0.1560950589844418,0.16344776204940112,0.2929248540398016,0.31445398773006134,0.9882014481510215
4.0,0.16271745650869826,0.16378868182595316,0.21531319846409536,0.2743423943750392,0.29644171779141104,0.9859710369795708
4.0,0.13047390521895622,0.13728842537185842,0.1515846180296865,0.2384958252244334,0.23170552147239265,0.9957654512542022
4.0,0.13752249550089982,0.14748959936171424,0.14487936271419566,0.25393935589176975,0.28009815950920247,0.996670545642617
4.0,0.13234853029394122,0.13073459850686728,0.15032380079087626,0.2180300081612154,0.24716564417177914,0.9959917248513059
4.0,0.13594781043791243,0.1421325582720693,0.15490859075018626,0.2561993847699165,0.27415950920245397,0.9851629169899146
4.0,0.15971805638872225,0.16943067190972816,0.18190154163562383,0.29418042563877206,0.3190674846625767,0.9872640289630205
4.0,0.15371925614877024,0.1680629167379039,0.2045389420597169,0.2968799045765585,0.32279754601226995,0.9883307473493664
4.0,0.09485602879424115,0.1376873539636405,0.10951917015301736,0.2703873438382824,0.378601226993865,0.988136798551849
4.0,0.1932363527294541,0.18686955035048727,0.21783483294171585,0.29995605499403605,0.29276073619631904,0.9876196017584691
4.0,0.12979904019196162,0.13631959879181627,0.1570863659808585,0.22832569527277294,0.2460368098159509,0.9957008016550297
